Client,Discount,Code,Purpose,,Campaign Type
Basecamp,$100 Off,TETONVALLEY,New Leads (min. 2 night stay),,Followers
,10% Off,TARGHEE10,Past Guests (min. 2 night stay),,Followers
,,,,,
Starlight Haven,10%,STAR23,New leads,,Followers
,,,,,
Vinifera Homes,$100 off,WELCOME100,New leads,,Followers
,,,,,
Stay with Branch,$50 off,WELCOME50,New Leads,,Followers
,10%,RETURN10,Past guest,,
,,,,,
Park Ave Beach Villas,$100 off,WELCOME100,New Leads,,Followers
,,,,,
Evergreen Cabins,$100 off,WELCOME100,New Leads (2-night minimum),,Followers
,10% off,WELCOMEBACK10,Past Guests (2-night minimum),,Followers
,$100 off,VIP100,,,Retarget
,,,,,
Hillside Amble,$100 off,WELCOME100,New Leads (2-night minimum),,Followers
,,,,,
Nordlys Lodging Co,$100 off,WELCOME100,New Leads (2-night minimum),,Followers
,,,,,
The Cohost Company,10% off,WELCOME10,New Leads (2-night minimum),,Followers
,,WELCOMEBACK10,,,Past Guests
,,VIP10,,,Retarget
,,,,,
FLOHOM,$100 off,WELCOME100,New Leads (2-night minimum),,Followers
,10% off,WELCOMEBACK10,Past Guests (2-night minimum),,Followers
,,VIP100,,,Retarget
,,,,,
Riveria Stays,$100 off,WELCOME100,New Leads (2-night minimum),,Followers
,,WELCOMEBACK10,Past Guests (2-night minimum),,Followers
,,,,,
Asheville River Cabins,$50 off,WELCOME50,New Leads (2 night min stay),,Followers
,$50 off,VIP50,meta ads,,Retarget
,,,,,
Parker Reserve,$100 off,WELCOME100,New Leads,,Followers
,10% off,WELCOMEBACK10,Loyalty Offer,,Followers
,$50 off,GETAWAY50,Refer a friend,,Followers
,10% off,WELCOME10,,,Followers
,,,,,
Twin Beds,10% off,WELCOME10,New Leads,,Followers
,,,,,
Lush Hollow,10% off,WELCOME10,New Leads - 2 night miniumum,,Followers
,,,,,
Stay Different,$50 off,WELCOME50,New Leads (2 night miniumum),,Followers
,,,,,
Three Suns Cabins,$50 off,WELCOME50,New Leads (2 night miniumum),,Followers
,,,,,
Green Springs Inn,10% off,NATURE10,New Leads (2 night miniumum),,Followers
,,VIP10,,,Retarget
,,RECHARGE10,Old Manychat,,
,,,,,
Treetop Escapes,$100 off,WELCOME100,New Leads (3 night miniumum),,Followers
,10% off,WELCOMEBACK10,Past Guests (3-night minimum),,Past Guests
,,VIP100,(3 night miniumum),,Retarget
,,,,,
Paradise Pointe,$100 off,WELCOME100,New Leads (3 night miniumum),,Followers
,10% off,WELCOMEBACK10,Past Guests (3-night minimum),,
,$100 off,VIP100,(3 night miniumum),,
,,,,,
Raven Rock Mountain,10% off,WELCOME10,New Leads,,Followers
,,,,,
Pinecone Stays,$50 off,WELCOME50,New Leads - 2 night minimum,,Followers
,10% off,SAVE10,Past Guests - 2-night minimum,,
,,,,,
Wanderin Star Farms,$50 off,WELCOME50,New Leads,,Followers
,10% off,WELCOMEBACK10,Returning guests,,
,15% off,WANDERIN15,When bookings are low (use this promo),,
,,,,,
Nature Nooks,$50 off,WELCOME50,New Leads - 2 night minimum,,Followers
,10% off,WELCOMEBACK10,Past Guests,,
,15% off,ACADIA15,When bookings are low (use this promo),,
,,,,,
Creekside Hideaway,$50 off,WELCOME50,,,Followers
,,,,,
Yosemite Dream Stays,$100 off,WELCOME100,"New leads, 2 night minimum, only valid on playhouse, waterfall view retreat, and waterfall lodge",,Followers
,,,,,
Inspired Retreats,10% off,ENJOY10,3 night miniumum,,Followers
,,WELCOMEBACK10,3 night minimum,,Past Guests
,,VIP10,3 night miniumum,,Retarget
,10% off,WELCOME10,New leads (per AM August sheet),,Followers
,,,,,
Stay Saluda,10% off,ENJOY10,3 night miniumum,,Followers
,,WELCOMEBACK10,3 night minimum,,Past Guests
,,VIP10,3 night miniumum,,Retarget
,,,,,
Hiawassee,$50 off,WELCOME50,New Leads- 2 night miniumum,,Followers
,10% Off,WELCOMEBACK10,Past Guests,,Followers
,$50 off,VIP50,Retarget,,
,,,,,
Big Moon Ranch,10% off,WELCOME10,New Leads- 2 night miniumum,,Followers
,$100 off,WELCOME100,New Leads- 2 night miniumum,,Followers
,10% off,VIP10,meta ads,,
,10% off,RETURN10,repeat guest,,
,,,,,
Home Base,$250 off,WELCOME250,3 night minimum,,Followers
,,,,,
Away2PA,$100 off,WELCOME100,New Leads,,Followers
,10% Off,WELCOMEBACK10,Past Guests,,Followers
,$100 off,VIP100,Retargetting,,
,,,,,
StayLuxe,$250 off,WELCOME250,New leads - 2 night minimum,,Followers
,10% off,WELCOMEBACK10,Past guests - 10% off,,Past Guest
,$100,GETAWAY100,Past guests - $100 off (friend),,Refer a Friend
,$250 off,VIP250,Retarget,,Retarget
,,,,,
Endless Stays,10% off,WELCOME10,New leads - 2 night minimum,,Followers
,10% off,WELCOMEBACK10,Past guests - 10% off,,
,$100,GETAWAY100,Past guests - $100 off (friend),,
,10%,ESTAYS,Retarget,,Retarget
,,,,,
Red White & Blue Views,$100 off,WELCOME100,New leads - 3 night minimum,,Followers
,10% off,WELCOMEBACK10,Past guests - 10% off,,Past Guest
,$100,GETAWAY100,Past guests - $100 off (friend),,Refer a Friend
,$100,VIP100,2 night min,,Retarget
,$100,VIEWS100,,,
,,,,,
Wauhatchie Woodlands,10% off,NATURE10,New Leads,,Followers
,,,,,
Treetop Hideaways,10% off,NATURE10,New Leads,,Followers
,,,,,
Edenwood NC,10%,WELCOME10,,,Followers
,,,,,
Dwell,10%,WELCOME10,,,Followers
,,,,,
Stay on 30a,$100,WELCOME100,2 night min,,Followers
,$100,VIP100,meta ads,,
,,,,,
American River Resort,20% off,WELCOME20,"20% off all bookings (min 2-night, + WWRafting)",,Followers
,10% off,WELCOMEBACK10,Past guests - 10% off,,Past Guest
,$100,GETAWAY100,Past guests - $100 off (friend),,Refer a Friend
,,,,,
Roundhouse Resort & Spa,$100 Off,WELCOME100,New Leads - 3 night miniumum,,Followers
,10% off,WELCOMEBACK10,Past guests - 10% Off -  3 night miniumum,,
,,,,,
Bison Ridge Retreat,$100 off,WELCOME100,2-night min,,Followers
,10% off,WELCOMEBACK10,Past guests - 10% off,,
,$100 off,BISON100,generic code,,
,,,,,
Villa Destino,10% off,WELCOME100,4-night minimum,,Followers
,,,,,
Stay Southen Illinois,10% off,WELCOME10,4-night minimum (excluding Oct 20-Nov 5),,Followers
,5% off,MILITARY5,Military and First Responder discount,,Followers
,,,,,
Apple Mountain Resort,$100 Off,WELCOME100,New Leads - 3 night miniumum,,Followers
,10% off,WELCOMEBACK10,Past guests - 10% Off -  3 night miniumum,,
,,,,,
Everlake,10% off,WELCOME10,2 night min,,Followers
,,,,,
Oak & Ember,$100 off,WELCOME100,2 night min,,Followers
,,,,,
Out of Bounds,$100 off,WELCOME100,2 night min,,Followers
,,,,,
Rock Ridge Retreat,10% off,WELCOME10,2 night min,,Followers
,,,,,
Sunapee Stays,10%,WELCOME10,2 night min,,Followers
,10%,RETURN10,Repeat flow,,
,,,,,
Best Texas Travel,10% off,WELCOME10,2 night min,,Followers
,10% off,WELCOMEBACK10,,,Past Guest
,$100,GETAWAY100,,,Refer a Friend
,10% off,RIVER10,,,Engagement
,10% off,VIP10,,,Retarget
,,,,,
Columbia Gorge Getaways,10% off,WELCOME10,2 night min,,Followers
,10% off,WELCOMEBACK10,2 night min,,
,10% off,SAFARI10,2 night min,,Retarget
,,,,,
Selah Place,10% off,WELCOME10,,,Followers
,10% off,WELCOMEBACK10,,,
,10% off,VIP10,,,Retarget
,,,,,
Tàberg Falls,10% off,WELCOME100,,,
,$100 off,VIP100,,,
,,,,,
The Outpost,10% OFF,WELCOME10,2 night min,,Followers
,,,,,
Ponderosa Pines Resort,20% OFF,EARLYBIRD20,2 night min,,Followers
,,,,,
Reflections Resorts,$100 OFF,WELCOME100,,,Followers
,,,,,
Awayframes,$100 OFF,WELCOME100,,,Followers
,$100 OFF,VIP100,,,Retargetting
,$100 OFF,WELCOMEBACK10,,,past guests
,,,,,
Tuxedo Falls,10% OFF,WELCOME10,2-night min,,Followers
,10% OFF,WELCOMEBACK10,2-night min,,
,,,,,
Myrinn,10% off,WELCOME10,,,Followers
,,,,,
Southern Illinios Cabins,10% off,WELCOME10,4-night minimum (excluding Oct 20-Nov 5),,Followers
,,,,,
Ridge & Falls,10% OFF,HELLO10,2-night min,,Followers
,10% OFF,THANKYOU10,2-night min,,Return Guests
,10% OFF,STAY10,2-night min,,
,,,,,
Little River Landing,10% OFF,HELLO10,2-night min,,Followers
,10% OFF,THANKYOU10,2-night min,,Return Guests
,10% OFF,STAY10,2-night min,,
,,,,,
North Star Lodge & Resort,10% Off,WELCOME10,,,
,,,,,
